Title,Company,Location,Date Posted,Link
N/A,WEQ Technologies,"Mumbai, Maharashtra",N/A,N/A
N/A,Qode,"Mumbai, Maharashtra",N/A,N/A
N/A,Atos,"Thane, Maharashtra",N/A,N/A
N/A,Q1 Technologies,"Mumbai, Maharashtra
      

        
        Pune, Maharashtra",N/A,N/A
N/A,Arcot Group,"Mumbai, Maharashtra",N/A,N/A
N/A,White Force,"Mumbai, Maharashtra",N/A,N/A
N/A,AryaXAI,"Mumbai, Maharashtra",N/A,N/A
N/A,Talent Linked Consultancy,"Navi Mumbai, Maharashtra",N/A,N/A
N/A,JPMorgan Chase,"Mumbai, Maharashtra",N/A,N/A
N/A,Nexifyr Consulting,"Mumbai, Maharashtra",N/A,N/A
N/A,Wipro,"Mumbai, Maharashtra",N/A,N/A
N/A,Ciel HR,"Mumbai, Maharashtra",N/A,N/A
N/A,Morgan Stanley,"Mumbai, Maharashtra",N/A,N/A
N/A,Sperton,"Navi Mumbai, Maharashtra",N/A,N/A
N/A,N/A,"Mumbai, Maharashtra",N/A,N/A
N/A,Virtusa,"Mumbai, Maharashtra",N/A,N/A
N/A,Acura Solutions,"Mumbai, Maharashtra",N/A,N/A
N/A,Virtusa,"Mumbai, Maharashtra",N/A,N/A
N/A,Genpact,"Mumbai, Maharashtra",N/A,N/A
N/A,Ciel HR,"Mumbai, Maharashtra",N/A,N/A
N/A,WEQ Technologies,"Mumbai, Maharashtra",N/A,N/A
N/A,Qode,"Mumbai, Maharashtra",N/A,N/A
N/A,Atos,"Thane, Maharashtra",N/A,N/A
N/A,Q1 Technologies,"Mumbai, Maharashtra
      

        
        Pune, Maharashtra",N/A,N/A
N/A,Arcot Group,"Mumbai, Maharashtra",N/A,N/A
N/A,White Force,"Mumbai, Maharashtra",N/A,N/A
N/A,AryaXAI,"Mumbai, Maharashtra",N/A,N/A
N/A,Talent Linked Consultancy,"Navi Mumbai, Maharashtra",N/A,N/A
N/A,JPMorgan Chase,"Mumbai, Maharashtra",N/A,N/A
N/A,Nexifyr Consulting,"Mumbai, Maharashtra",N/A,N/A
N/A,Wipro,"Mumbai, Maharashtra",N/A,N/A
N/A,Ciel HR,"Mumbai, Maharashtra",N/A,N/A
N/A,Morgan Stanley,"Mumbai, Maharashtra",N/A,N/A
N/A,Sperton,"Navi Mumbai, Maharashtra",N/A,N/A
N/A,N/A,"Mumbai, Maharashtra",N/A,N/A
N/A,Virtusa,"Mumbai, Maharashtra",N/A,N/A
N/A,Acura Solutions,"Mumbai, Maharashtra",N/A,N/A
N/A,Virtusa,"Mumbai, Maharashtra",N/A,N/A
N/A,Genpact,"Mumbai, Maharashtra",N/A,N/A
N/A,Ciel HR,"Mumbai, Maharashtra",N/A,N/A
N/A,WEQ Technologies,"Mumbai, Maharashtra",N/A,N/A
N/A,Qode,"Mumbai, Maharashtra",N/A,N/A
N/A,Atos,"Thane, Maharashtra",N/A,N/A
N/A,Q1 Technologies,"Mumbai, Maharashtra
      

        
        Pune, Maharashtra",N/A,N/A
N/A,Arcot Group,"Mumbai, Maharashtra",N/A,N/A
N/A,White Force,"Mumbai, Maharashtra",N/A,N/A
N/A,AryaXAI,"Mumbai, Maharashtra",N/A,N/A
N/A,Talent Linked Consultancy,"Navi Mumbai, Maharashtra",N/A,N/A
N/A,JPMorgan Chase,"Mumbai, Maharashtra",N/A,N/A
N/A,Nexifyr Consulting,"Mumbai, Maharashtra",N/A,N/A
N/A,Wipro,"Mumbai, Maharashtra",N/A,N/A
N/A,Ciel HR,"Mumbai, Maharashtra",N/A,N/A
N/A,Morgan Stanley,"Mumbai, Maharashtra",N/A,N/A
N/A,Sperton,"Navi Mumbai, Maharashtra",N/A,N/A
N/A,N/A,"Mumbai, Maharashtra",N/A,N/A
N/A,Virtusa,"Mumbai, Maharashtra",N/A,N/A
N/A,Acura Solutions,"Mumbai, Maharashtra",N/A,N/A
N/A,Virtusa,"Mumbai, Maharashtra",N/A,N/A
N/A,Genpact,"Mumbai, Maharashtra",N/A,N/A
N/A,Ciel HR,"Mumbai, Maharashtra",N/A,N/A
N/A,WEQ Technologies,"Mumbai, Maharashtra",N/A,N/A
N/A,Qode,"Mumbai, Maharashtra",N/A,N/A
N/A,Atos,"Thane, Maharashtra",N/A,N/A
N/A,Q1 Technologies,"Mumbai, Maharashtra
      

        
        Pune, Maharashtra",N/A,N/A
N/A,Arcot Group,"Mumbai, Maharashtra",N/A,N/A
N/A,White Force,"Mumbai, Maharashtra",N/A,N/A
N/A,AryaXAI,"Mumbai, Maharashtra",N/A,N/A
N/A,Talent Linked Consultancy,"Navi Mumbai, Maharashtra",N/A,N/A
N/A,JPMorgan Chase,"Mumbai, Maharashtra",N/A,N/A
N/A,Nexifyr Consulting,"Mumbai, Maharashtra",N/A,N/A
N/A,Wipro,"Mumbai, Maharashtra",N/A,N/A
N/A,Ciel HR,"Mumbai, Maharashtra",N/A,N/A
N/A,Morgan Stanley,"Mumbai, Maharashtra",N/A,N/A
N/A,Sperton,"Navi Mumbai, Maharashtra",N/A,N/A
N/A,N/A,"Mumbai, Maharashtra",N/A,N/A
N/A,Virtusa,"Mumbai, Maharashtra",N/A,N/A
N/A,Acura Solutions,"Mumbai, Maharashtra",N/A,N/A
N/A,Virtusa,"Mumbai, Maharashtra",N/A,N/A
N/A,Genpact,"Mumbai, Maharashtra",N/A,N/A
N/A,Ciel HR,"Mumbai, Maharashtra",N/A,N/A
N/A,WEQ Technologies,"Mumbai, Maharashtra",N/A,N/A
N/A,Qode,"Mumbai, Maharashtra",N/A,N/A
N/A,Atos,"Thane, Maharashtra",N/A,N/A
N/A,Q1 Technologies,"Mumbai, Maharashtra
      

        
        Pune, Maharashtra",N/A,N/A
N/A,Arcot Group,"Mumbai, Maharashtra",N/A,N/A
N/A,White Force,"Mumbai, Maharashtra",N/A,N/A
N/A,AryaXAI,"Mumbai, Maharashtra",N/A,N/A
N/A,Talent Linked Consultancy,"Navi Mumbai, Maharashtra",N/A,N/A
N/A,JPMorgan Chase,"Mumbai, Maharashtra",N/A,N/A
N/A,Nexifyr Consulting,"Mumbai, Maharashtra",N/A,N/A
N/A,Wipro,"Mumbai, Maharashtra",N/A,N/A
N/A,Ciel HR,"Mumbai, Maharashtra",N/A,N/A
N/A,Morgan Stanley,"Mumbai, Maharashtra",N/A,N/A
N/A,Sperton,"Navi Mumbai, Maharashtra",N/A,N/A
N/A,N/A,"Mumbai, Maharashtra",N/A,N/A
N/A,Virtusa,"Mumbai, Maharashtra",N/A,N/A
N/A,Acura Solutions,"Mumbai, Maharashtra",N/A,N/A
N/A,Virtusa,"Mumbai, Maharashtra",N/A,N/A
N/A,Genpact,"Mumbai, Maharashtra",N/A,N/A
N/A,Ciel HR,"Mumbai, Maharashtra",N/A,N/A
